#{"t_start": 1744472488.0198474, "env_id": "None"}
r,l,t
-344.06648,100,2.756555
115.360883,27,3.605938
-185.286372,100,6.653647
-99.988542,84,9.186869
-10.79125,92,11.969923
-167.895015,100,15.001012
170.239666,19,15.631309
-126.938822,100,19.08437
-146.691756,100,22.514857
179.629841,10,22.908488
116.040037,35,24.150322
126.499993,28,25.154012
-138.598416,100,28.61208
-247.946191,100,32.083033
199.0,1,32.16804
-92.270667,100,35.692285
199.0,1,35.782606
-205.13569,100,39.309303
-132.244086,100,42.790026
196.407448,3,42.967349
111.977276,36,44.28484
199.0,1,44.383632
-207.817669,100,47.897125
-180.166983,100,51.391396
199.0,1,51.465533
144.924013,38,52.889447
184.273049,11,53.317269
-74.620826,100,56.859236
37.533261,93,60.115629
150.233594,33,61.280886
59.112032,82,64.108844
-102.858413,100,67.563693
193.281389,5,67.797954
186.552427,10,68.233703
199.0,1,68.330731
159.999354,29,69.47756
199.0,1,69.593308
-187.953344,100,73.248883
-120.45583,100,76.689177
-193.030096,100,80.223413
192.094278,7,80.519554
49.819504,46,82.239655
191.690638,7,82.533742
-193.82395,100,86.079034
199.0,1,86.177331
199.0,1,86.277923
-177.841289,100,89.783083
199.0,1,89.876846
-202.479061,100,93.367004
199.0,1,93.456883
193.335618,6,93.736589
-169.482478,100,97.26721
-199.118549,100,100.783987
199.0,1,100.886798
-546.131129,100,104.478658
-382.803533,100,107.949603
196.615228,3,108.114282
199.0,1,108.211964
-368.256645,100,111.714025
199.0,1,111.810986
197.883419,2,111.934874
199.0,1,112.027648
173.707566,21,112.817246
195.51945,4,113.002473
199.0,1,113.080313
-365.600582,100,116.534026
-181.250765,100,120.096308
-170.702273,100,123.619213
199.0,1,123.727655
196.690919,3,123.896255
-311.474583,100,127.333665
199.0,1,127.430225
191.437047,7,127.722399
190.091585,8,128.055365
197.811429,2,128.18269
193.121665,6,128.455055
199.0,1,128.561543
-213.088794,100,132.135313
-296.69422,100,135.672131
199.0,1,135.7589
-196.995016,100,139.30119
-315.002267,100,142.853401
199.0,1,142.934716
199.0,1,143.027991
191.785248,7,143.329403
-168.765538,100,146.863768
199.0,1,146.949742
191.498563,7,147.243607
-277.027639,100,150.757492
199.0,1,150.84897
-133.446986,100,154.371013
196.636085,3,154.50694
199.0,1,154.583356
-264.986296,100,158.049897
-9.224751,60,160.166221
199.0,1,160.266253
-193.432648,100,163.774575
197.857798,2,163.907788
49.670196,62,166.100987
199.0,1,166.195845
199.0,1,166.27414
199.0,1,166.373558
194.859892,4,166.572593
199.0,1,166.665013
196.689022,3,166.83441
199.0,1,166.906925
199.0,1,167.015175
199.0,1,167.114554
168.222542,14,167.651094
145.725094,38,168.995939
199.0,1,169.098855
197.860246,2,169.216416
199.0,1,169.316932
199.0,1,169.414314
197.599626,2,169.546337
148.022802,29,170.615817
199.0,1,170.699274
112.006124,65,172.978133
197.86245,2,173.104984
195.018825,4,173.28654
194.032236,5,173.495521
196.593121,3,173.660519
199.0,1,173.765501
197.863136,2,173.892088
199.0,1,173.962816
196.464793,3,174.133226
199.0,1,174.229162
199.0,1,174.317123
199.0,1,174.415921
199.0,1,174.515549
194.419186,5,174.741595
199.0,1,174.816896
197.796414,2,174.941024
199.0,1,175.03483
186.522286,11,175.469601
197.880721,2,175.585606
196.702706,3,175.769792
188.892887,9,176.105408
199.0,1,176.21544
199.0,1,176.315403
196.647857,3,176.499215
181.511333,14,177.038603
194.450978,5,177.263997
189.32713,9,177.632491
187.328187,10,178.023076
199.0,1,178.132138
199.0,1,178.229846
194.725925,4,178.432716
199.0,1,178.524421
197.874053,2,178.681431
199.0,1,178.779192
199.0,1,178.882119
199.0,1,178.984565
199.0,1,179.078082
199.0,1,179.179274
199.0,1,179.276928
199.0,1,179.378857
184.66705,12,179.857019
170.612163,24,180.733434
197.868098,2,180.845234
199.0,1,180.948197
197.798781,2,181.082466
199.0,1,181.182073
196.361737,3,181.327482
199.0,1,181.428004
195.608548,4,181.622276
199.0,1,181.696307
197.881347,2,181.833232
199.0,1,181.924402
191.99533,7,182.233081
199.0,1,182.314178
199.0,1,182.414973
199.0,1,182.514878
199.0,1,182.6154
199.0,1,182.715394
196.621403,3,182.880339
199.0,1,182.973803
199.0,1,183.082106
199.0,1,183.182125
196.736369,3,183.322686
199.0,1,183.432952
199.0,1,183.525848
199.0,1,183.631401
199.0,1,183.729682
195.458152,4,183.935513
196.705976,3,184.106116
197.891614,2,184.218072
197.89689,2,184.35928
196.706173,3,184.540336
197.876256,2,184.675904
194.113332,5,184.909012
197.88938,2,185.015399
199.0,1,185.099117
197.787387,2,185.253538
197.766841,2,185.37283
195.598221,4,185.566708
199.0,1,185.650069
196.462303,3,185.802083
199.0,1,185.896423
197.875274,2,186.021515
191.501839,7,186.321787
197.845277,2,186.455115
197.826928,2,186.56567
197.778438,2,186.688382
194.390215,5,186.933299
199.0,1,187.015921
196.692631,3,187.20894
199.0,1,187.283768
197.898154,2,187.402796
199.0,1,187.490859
199.0,1,187.600307
195.383417,4,187.790992
197.868167,2,187.926018
191.545594,7,188.219515
199.0,1,188.30104
197.868289,2,188.436632
199.0,1,188.51514
199.0,1,188.617106
199.0,1,188.717223
199.0,1,188.804417
199.0,1,188.900143
197.818606,2,189.012692
197.89001,2,189.133736
199.0,1,189.216709
197.821695,2,189.337937
197.764982,2,189.466218
199.0,1,189.576958
196.300344,3,189.750459
199.0,1,189.848914
199.0,1,189.948122
199.0,1,190.044476
199.0,1,190.144709
199.0,1,190.248021
199.0,1,190.332063
197.89883,2,190.450319
199.0,1,190.552094
199.0,1,190.632358
197.866679,2,190.758325
199.0,1,190.862351
196.644846,3,191.036585
199.0,1,191.113594
199.0,1,191.216969
199.0,1,191.297402
197.871871,2,191.411191
196.729148,3,191.586791
192.933068,6,191.848874
199.0,1,191.94361
199.0,1,192.010751
196.699743,3,192.159612
199.0,1,192.260597
199.0,1,192.365676
199.0,1,192.444646
199.0,1,192.551296
197.863058,2,192.672844
199.0,1,192.763923
197.853759,2,192.886905
197.843667,2,193.016374
194.47471,5,193.239003
199.0,1,193.316731
199.0,1,193.414296
199.0,1,193.50755
197.74793,2,193.644267
195.64858,4,193.857501
199.0,1,193.93023
199.0,1,194.012739
199.0,1,194.114106
196.720118,3,194.268768
192.043777,7,194.572989
197.811339,2,194.675042
197.884438,2,194.814461
199.0,1,194.914555
197.887061,2,195.046954
195.453935,4,195.24973
199.0,1,195.332519
197.871819,2,195.458783
199.0,1,195.562584
199.0,1,195.664653
197.894716,2,195.835669
199.0,1,195.934733
197.764744,2,196.05072
199.0,1,196.131311
199.0,1,196.227002
196.721689,3,196.358364
197.870118,2,196.461854
194.421413,5,196.68329
194.459386,5,196.918774
197.636681,2,197.023609
191.557761,7,197.317745
194.201611,5,197.533764
196.752058,3,197.684158
197.849492,2,197.800282
196.648945,3,197.950263
196.440136,3,198.101162
197.866697,2,198.21808
197.768767,2,198.352018
199.0,1,198.433676
199.0,1,198.532337
199.0,1,198.612036
194.181662,5,198.852885
196.733891,3,199.000582
196.545109,3,199.162824
199.0,1,199.264601
199.0,1,199.362391
199.0,1,199.45865
199.0,1,199.536491
197.869891,2,199.677075
197.874591,2,199.783151
197.884279,2,199.901061
199.0,1,200.002763
199.0,1,200.10221
199.0,1,200.200001
193.242683,6,200.490743
199.0,1,200.574047
199.0,1,200.657495
197.762262,2,200.781958
199.0,1,200.864545
188.003342,10,201.248807
199.0,1,201.322184
196.70877,3,201.491375
197.756376,2,201.591172
199.0,1,201.662748
192.065017,7,201.949011
197.810757,2,202.061775
197.791871,2,202.1668
199.0,1,202.24892
199.0,1,202.331874
199.0,1,202.415066
195.609194,4,202.586755
199.0,1,202.694715
199.0,1,202.793857
199.0,1,202.89453
197.889737,2,203.013267
197.861463,2,203.134379
199.0,1,203.191118
199.0,1,203.300359
199.0,1,203.39051
197.729345,2,203.501137
199.0,1,203.576382
197.884392,2,203.65881
199.0,1,203.729149
197.876706,2,203.868484
199.0,1,203.938647
197.864967,2,204.065933
197.707619,2,204.191402
199.0,1,204.246531
199.0,1,204.350516
199.0,1,204.414674
197.893527,2,204.557452
199.0,1,204.634278
199.0,1,204.729759
199.0,1,204.833107
199.0,1,204.91241
199.0,1,205.012054
199.0,1,205.096932
199.0,1,205.192516
199.0,1,205.26315
199.0,1,205.363311
196.708763,3,205.534315
196.637404,3,205.676403
195.479046,4,205.870539
196.661465,3,206.011724
199.0,1,206.083715
196.528284,3,206.282909
196.733483,3,206.426481
197.855888,2,206.530383
199.0,1,206.609913
195.348318,4,206.776153
199.0,1,206.875485
197.825423,2,206.985218
196.731001,3,207.134623
199.0,1,207.211918
199.0,1,207.313651
199.0,1,207.41459
190.850856,8,207.731802
196.679894,3,207.880254
199.0,1,207.955544
199.0,1,208.060339
197.692278,2,208.157006
199.0,1,208.222167
197.869187,2,208.325603
196.761251,3,208.456708
199.0,1,208.535294
199.0,1,208.606044
199.0,1,208.681206
199.0,1,208.808692
199.0,1,208.881248
199.0,1,208.984524
199.0,1,209.063656
199.0,1,209.160271
199.0,1,209.210703
199.0,1,209.294827
199.0,1,209.376428
199.0,1,209.444931
199.0,1,209.525447
192.989669,6,209.752234
196.711217,3,209.893604
194.235498,5,210.143676
199.0,1,210.251901
190.683566,8,210.575827
199.0,1,210.655688
197.897687,2,210.749109
195.475581,4,210.925275
199.0,1,210.995526
196.721667,3,211.163454
197.877141,2,211.281023
196.629033,3,211.431236
197.860145,2,211.549995
197.75899,2,211.690009
199.0,1,211.796569
197.823483,2,211.923876
197.887861,2,212.022805
194.288202,5,212.240829
199.0,1,212.318552
199.0,1,212.394662
197.650355,2,212.535012
197.817698,2,212.653964
197.885776,2,212.764627
195.505796,4,212.959903
196.695243,3,213.078189
197.856357,2,213.196056
199.0,1,213.294633
196.702974,3,213.466491
199.0,1,213.532371
199.0,1,213.60743
193.219192,6,213.83122
199.0,1,213.933191
197.888541,2,214.046438
199.0,1,214.148925
197.826874,2,214.258709
199.0,1,214.327748
199.0,1,214.426682
199.0,1,214.534161
199.0,1,214.626238
199.0,1,214.715529
199.0,1,214.799283
190.516864,8,215.113141
195.490539,4,215.291885
197.818502,2,215.420478
192.76274,6,215.635288
199.0,1,215.713061
196.687437,3,215.873718
199.0,1,215.946624
199.0,1,216.038814
199.0,1,216.094834
199.0,1,216.192901
199.0,1,216.258628
193.02683,6,216.504213
199.0,1,216.562046
199.0,1,216.661208
199.0,1,216.743005
199.0,1,216.842602
199.0,1,216.91103
196.635625,3,217.057203
199.0,1,217.130894
199.0,1,217.186375
197.883449,2,217.279176
197.888445,2,217.392947
199.0,1,217.472177
199.0,1,217.526583
199.0,1,217.596829
196.73655,3,217.741223
199.0,1,217.80974
199.0,1,217.905423
199.0,1,217.976631
199.0,1,218.046492
196.698737,3,218.178797
196.636999,3,218.329281
197.891863,2,218.426661
199.0,1,218.497639
194.453581,5,218.702806
197.795373,2,218.793095
190.846547,8,219.116772
197.878018,2,219.233361
196.565017,3,219.361601
199.0,1,219.425816
199.0,1,219.498186
196.748759,3,219.639875
197.877384,2,219.741222
196.696334,3,219.85738
196.624406,3,219.992228
197.883827,2,220.098421
199.0,1,220.171633
199.0,1,220.272004
199.0,1,220.362797
199.0,1,220.445085
197.782393,2,220.541097
197.887929,2,220.642891
199.0,1,220.696862
197.858091,2,220.824708
199.0,1,220.896154
199.0,1,220.976809
197.894731,2,221.094397
196.751721,3,221.239222
197.868935,2,221.343368
195.385676,4,221.534451
195.504047,4,221.714481
196.736233,3,221.848908
196.750493,3,221.978789
197.840139,2,222.089385
197.865758,2,222.227063
197.851953,2,222.344364
199.0,1,222.442772
199.0,1,222.523984
195.458398,4,222.71783
199.0,1,222.785454
199.0,1,222.869486
199.0,1,222.942684
199.0,1,223.045197
199.0,1,223.149625
199.0,1,223.228504
199.0,1,223.315176
197.891074,2,223.455622
199.0,1,223.545154
197.888623,2,223.644126
199.0,1,223.727779
194.372584,5,223.943215
194.019787,5,224.158721
199.0,1,224.246437
196.715311,3,224.387068
197.860285,2,224.494677
197.827438,2,224.631012
196.628787,3,224.800593
195.61604,4,224.980313
197.806769,2,225.093171
199.0,1,225.149857
199.0,1,225.261049
196.645082,3,225.416973
196.785561,3,225.57197
196.739347,3,225.728029
194.283387,5,225.942739
196.670391,3,226.100258
199.0,1,226.174759
197.836263,2,226.302923
199.0,1,226.389033
199.0,1,226.455981
199.0,1,226.548306
197.890605,2,226.664479
196.474675,3,226.816987
199.0,1,226.898085
199.0,1,226.957036
199.0,1,227.049668
199.0,1,227.134098
197.782909,2,227.239341
197.823181,2,227.345642
197.858853,2,227.46541
199.0,1,227.566817
199.0,1,227.647789
199.0,1,227.734515
196.693164,3,227.866426
197.804407,2,227.97869
197.827704,2,228.096892
194.25165,5,228.337022
199.0,1,228.414722
199.0,1,228.491023
199.0,1,228.579433
196.633835,3,228.725558
199.0,1,228.784184
197.890435,2,228.899586
197.884018,2,229.01259
199.0,1,229.091434
199.0,1,229.161429
195.528989,4,229.368186
199.0,1,229.442645
197.878666,2,229.547743
199.0,1,229.632685
199.0,1,229.710759
196.736287,3,229.865907
197.832174,2,229.95432
197.886339,2,230.082293
199.0,1,230.153923
199.0,1,230.231101
199.0,1,230.308661
199.0,1,230.392379
195.45804,4,230.590565
199.0,1,230.650082
197.847874,2,230.759981
195.537198,4,230.923949
191.918445,7,231.177518
199.0,1,231.251054
199.0,1,231.331095
199.0,1,231.393785
199.0,1,231.478993
199.0,1,231.562018
199.0,1,231.645154
199.0,1,231.73323
199.0,1,231.815441
194.411229,5,232.038452
193.132246,6,232.312289
199.0,1,232.379249
199.0,1,232.46959
197.83915,2,232.568351
197.779492,2,232.699236
197.8362,2,232.798717
197.839085,2,232.900276
199.0,1,232.966098
199.0,1,233.065332
199.0,1,233.147765
199.0,1,233.231091
196.735841,3,233.358237
196.728194,3,233.509899
197.860299,2,233.606749
197.839708,2,233.699619
199.0,1,233.777076
197.897779,2,233.874437
199.0,1,233.948526
191.897986,7,234.230784
195.593182,4,234.408857
199.0,1,234.497246
199.0,1,234.565023
197.800986,2,234.665826
197.299291,2,234.781047
199.0,1,234.839268
199.0,1,234.952951
197.886469,2,235.070627
199.0,1,235.145726
197.815452,2,235.265673
199.0,1,235.348155
199.0,1,235.430437
199.0,1,235.529184
199.0,1,235.616304
195.580048,4,235.78308
197.88136,2,235.88289
199.0,1,235.947739
199.0,1,236.033029
199.0,1,236.099702
197.858493,2,236.200008
199.0,1,236.280432
193.329542,6,236.518436
189.497355,9,236.854546
199.0,1,236.923708
199.0,1,237.015876
197.812643,2,237.128751
195.654424,4,237.287788
197.819759,2,237.425909
197.849802,2,237.533534
196.714101,3,237.688211
197.845926,2,237.803664
197.839665,2,237.916786
197.738398,2,238.029285
194.152203,5,238.221684
195.318944,4,238.403357
197.852812,2,238.513563
199.0,1,238.578773
197.898597,2,238.678663
195.507362,4,238.850943
193.310976,6,239.102654
199.0,1,239.181993
199.0,1,239.258829
194.418037,5,239.476375
193.139933,6,239.721848
199.0,1,239.774708
197.878785,2,239.879035
197.788205,2,239.977795
195.52663,4,240.164628
196.531031,3,240.304543
194.35683,5,240.549989
199.0,1,240.631063
190.970842,8,240.937546
199.0,1,240.998698
195.348664,4,241.161473
199.0,1,241.250742
190.418572,8,241.549721
199.0,1,241.625471
199.0,1,241.714251
199.0,1,241.798519
199.0,1,241.884173
199.0,1,241.960697
199.0,1,242.02957
196.656664,3,242.174537
197.864266,2,242.286421
199.0,1,242.350802
195.558043,4,242.519912
196.740771,3,242.647707
199.0,1,242.717385
199.0,1,242.779392
194.213964,5,243.000515
199.0,1,243.060055
196.670881,3,243.20687
199.0,1,243.275274
199.0,1,243.372288
196.755768,3,243.517785
197.664634,2,243.630924
196.685043,3,243.782707
199.0,1,243.850907
199.0,1,243.923396
199.0,1,244.014723
199.0,1,244.080925
197.861985,2,244.182731
199.0,1,244.248648
199.0,1,244.334149
196.690177,3,244.456593
197.886446,2,244.576514
199.0,1,244.634057
199.0,1,244.704022
199.0,1,244.773507
197.882481,2,244.883949
193.389706,6,245.133819
197.849608,2,245.230678
199.0,1,245.297626
197.893736,2,245.403711
196.753451,3,245.533414
196.600148,3,245.680412
197.791396,2,245.769278
199.0,1,245.83337
197.723892,2,245.925406
199.0,1,245.999831
196.495382,3,246.163034
197.807869,2,246.26839
199.0,1,246.33109
197.80596,2,246.433544
199.0,1,246.517547
199.0,1,246.599919
199.0,1,246.664208
199.0,1,246.730036
199.0,1,246.813214
199.0,1,246.878783
199.0,1,246.947641
194.466687,5,247.166135
197.8532,2,247.282578
199.0,1,247.356967
199.0,1,247.425854
199.0,1,247.517629
197.823059,2,247.611977
197.859033,2,247.717156
199.0,1,247.798599
196.598217,3,247.948679
199.0,1,248.00663
199.0,1,248.081752
195.557166,4,248.272043
197.856745,2,248.354921
197.840279,2,248.470654
196.620559,3,248.597592
187.48988,11,249.021225
195.430691,4,249.188078
197.805682,2,249.285835
195.502207,4,249.465948
197.881704,2,249.571455
199.0,1,249.659625
197.873565,2,249.756161
197.874904,2,249.852238
199.0,1,249.934719
199.0,1,250.004639
199.0,1,250.067572
197.866868,2,250.169897
197.818322,2,250.299645
199.0,1,250.387951
197.817248,2,250.486013
197.801733,2,250.576471
197.89374,2,250.697596
194.375506,5,250.918196
197.883001,2,251.040987
199.0,1,251.09855
197.775459,2,251.201372
195.662512,4,251.373604
193.21778,6,251.604737
196.522994,3,251.734065
195.608628,4,251.938914
197.895139,2,252.030373
199.0,1,252.11022
199.0,1,252.149548
197.860263,2,252.265743
199.0,1,252.342327
199.0,1,252.415198
197.496043,2,252.534282
196.664285,3,252.662729
199.0,1,252.735243
199.0,1,252.804026
193.032741,6,253.054197
194.195054,5,253.266762
196.662619,3,253.407115
197.874044,2,253.48879
197.899115,2,253.606814
199.0,1,253.665278
196.759064,3,253.799099
196.766212,3,253.957619
199.0,1,254.021538
194.468803,5,254.212808
199.0,1,254.299773
197.833202,2,254.407692
199.0,1,254.465183
195.528969,4,254.651581
194.0694,5,254.851454
199.0,1,254.915304
197.85691,2,255.03182
199.0,1,255.090189
197.832666,2,255.199258
197.777477,2,255.299562
199.0,1,255.367117
199.0,1,255.431958
195.559862,4,255.606807
199.0,1,255.66419
199.0,1,255.725494
199.0,1,255.797936
197.831843,2,255.886178
194.393355,5,256.084178
196.682659,3,256.215101
199.0,1,256.283807
197.849621,2,256.381858
197.740096,2,256.500476
196.573371,3,256.64906
199.0,1,256.714221
197.891687,2,256.812764
199.0,1,256.894929
197.837935,2,256.999241
199.0,1,257.059879
194.233122,5,257.273313
199.0,1,257.350678
199.0,1,257.415045
199.0,1,257.492504
199.0,1,257.567208
197.865043,2,257.67059
199.0,1,257.725566
197.840303,2,257.820546
199.0,1,257.912195
197.89924,2,258.014185
197.826435,2,258.099358
199.0,1,258.183836
197.814681,2,258.281909
199.0,1,258.33198
197.697949,2,258.432761
199.0,1,258.498525
199.0,1,258.565038
197.802512,2,258.681789
196.610317,3,258.799456
194.197714,5,259.016752
194.085543,5,259.215803
199.0,1,259.273495
197.820207,2,259.382237
199.0,1,259.465169
199.0,1,259.522657
196.683155,3,259.649755
197.827208,2,259.761864
199.0,1,259.850298
197.785707,2,259.949205
195.125308,4,260.114277
199.0,1,260.187832
199.0,1,260.250613
199.0,1,260.313902
196.709093,3,260.457177
190.661639,8,260.779336
199.0,1,260.848953
197.713755,2,260.965343
199.0,1,261.032635
197.849434,2,261.136531
196.623842,3,261.268528
197.866536,2,261.362748
199.0,1,261.432147
199.0,1,261.482472
193.05474,6,261.736297
192.72123,6,261.98277
196.686664,3,262.116035
193.218746,6,262.353933
197.646449,2,262.448868
196.669265,3,262.592281
199.0,1,262.649507
199.0,1,262.731882
199.0,1,262.798569
195.496356,4,262.977223
197.869802,2,263.081848
197.881573,2,263.179502
196.709657,3,263.317908
192.148761,7,263.598532
196.700038,3,263.7235
197.793012,2,263.830816
194.388737,5,264.032138
197.849694,2,264.127079
196.698134,3,264.256803
197.845199,2,264.348966
196.689391,3,264.482577
194.205518,5,264.687669
199.0,1,264.731889
195.300891,4,264.915834
199.0,1,264.968267
199.0,1,265.050451
199.0,1,265.114533
199.0,1,265.176493
197.872867,2,265.279902
195.281631,4,265.4751
199.0,1,265.531824
196.562988,3,265.666087
196.702841,3,265.806878
199.0,1,265.865748
197.862327,2,265.96684
199.0,1,266.026641
196.795364,3,266.161713
197.831943,2,266.266251
196.738231,3,266.398542
195.61741,4,266.564167
199.0,1,266.630811
199.0,1,266.694962
190.883752,8,266.981863
192.93348,6,267.210054
194.227497,5,267.414566
194.18475,5,267.607712
197.897653,2,267.694619
197.698,2,267.815035
199.0,1,267.871202
193.404578,6,268.105507
199.0,1,268.16516
199.0,1,268.226367
197.810845,2,268.321852
196.464139,3,268.461881
195.610603,4,268.631206
195.345326,4,268.790894
188.234873,10,269.147753
199.0,1,269.208699
196.243975,3,269.322495
199.0,1,269.382339
199.0,1,269.445843
192.964567,6,269.666732
197.79066,2,269.761177
197.877221,2,269.856683
197.858597,2,269.963
194.559676,4,270.133799
191.165142,7,270.421716
199.0,1,270.480778
197.813873,2,270.585144
196.67362,3,270.723989
197.895622,2,270.83268
196.705156,3,270.957069
191.787905,7,271.249285
195.622958,4,271.416725
199.0,1,271.478895
197.89131,2,271.582737
196.481432,3,271.719058
197.873403,2,271.820317
199.0,1,271.878611
195.360279,4,272.04589
190.886908,8,272.36411
195.676296,4,272.52663
195.286683,4,272.689627
199.0,1,272.764545
195.351872,4,272.957369
196.539773,3,273.10682
199.0,1,273.160491
197.890905,2,273.268497
199.0,1,273.332284
193.279902,6,273.580171
194.196993,5,273.781794
196.585358,3,273.923416
195.232244,4,274.090919
196.532638,3,274.209245
196.393223,3,274.348408
196.598993,3,274.482158
199.0,1,274.545909
194.3926,5,274.745466
197.865401,2,274.849197
197.692523,2,274.946517
199.0,1,275.014154
191.830984,7,275.284766
191.548935,7,275.566032
195.525191,4,275.724195
197.876087,2,275.8176
195.519004,4,275.984258
197.876967,2,276.075392
197.817343,2,276.178286
196.489583,3,276.316127
196.421618,3,276.466025
197.888939,2,276.570619
195.280383,4,276.728127
197.764503,2,276.832402
197.6353,2,276.931783
199.0,1,276.99739
197.512703,2,277.099373
193.045753,6,277.348441
199.0,1,277.416172
196.795872,3,277.552248
192.017329,7,277.83203
194.08787,5,278.026478
190.133625,8,278.322982
193.027343,6,278.56345
197.857111,2,278.668645
199.0,1,278.73177
199.0,1,278.790505
193.755723,5,279.004529
196.560662,3,279.122185
191.674923,7,279.401388
197.841902,2,279.499681
199.0,1,279.56504
197.808741,2,279.660072
196.509498,3,279.780669
199.0,1,279.8425
199.0,1,279.910206
196.568849,3,280.048964
175.215793,20,280.748922
199.0,1,280.806565
195.202811,4,280.977016
199.0,1,281.047689
196.746065,3,281.178319
197.831613,2,281.290574
196.73713,3,281.429877
197.667868,2,281.529374
197.865771,2,281.62334
186.889117,11,281.988793
197.592146,2,282.078084
197.799255,2,282.175547
190.006618,8,282.43824
194.2335,5,282.621136
197.881769,2,282.709692
195.242202,4,282.884725
197.898514,2,282.97358
199.0,1,283.050304
194.923606,4,283.21459
196.786923,3,283.351206
196.518141,3,283.482354
199.0,1,283.540958
195.380408,4,283.710354
191.636847,7,283.983355
195.488418,4,284.151131
190.689103,8,284.483853
199.0,1,284.548279
191.025933,7,284.818486
194.005465,5,285.017056
199.0,1,285.081539
195.440404,4,285.244439
193.034013,6,285.485472
199.0,1,285.546548
197.75752,2,285.649247
199.0,1,285.719009
184.826854,12,286.152712
197.861815,2,286.250743
195.439725,4,286.412227
180.774157,15,286.949705
199.0,1,287.011576
197.868213,2,287.1206
199.0,1,287.165514
181.332216,15,287.743545
182.373939,14,288.264432
196.677221,3,288.401702
180.164003,16,289.012733
195.546212,4,289.188078
191.845145,7,289.449469
195.600519,4,289.610166
199.0,1,289.681153
196.633542,3,289.813105
196.737999,3,289.9488
182.992207,14,290.470578
199.0,1,290.530685
194.246217,5,290.722229
194.146834,5,290.937191
185.989372,12,291.382174
191.709344,7,291.643179
199.0,1,291.714928
196.78265,3,291.850797
195.138002,4,292.014933
199.0,1,292.076854
197.735037,2,292.193099
197.893341,2,292.273251
199.0,1,292.344105
199.0,1,292.407157
196.777991,3,292.552588
199.0,1,292.614044
197.746233,2,292.715639
199.0,1,292.780636
197.639519,2,292.87075
197.629199,2,292.994784
196.692673,3,293.123349
199.0,1,293.17319
197.833185,2,293.2618
197.860073,2,293.369549
197.851453,2,293.462833
199.0,1,293.531464
195.590546,4,293.700374
195.345069,4,293.871665
197.601118,2,293.968159
196.638379,3,294.098089
195.517072,4,294.265718
196.644845,3,294.423022
196.154095,3,294.554567
199.0,1,294.610014
187.391364,10,294.987634
199.0,1,295.049932
196.263388,3,295.18224
196.338715,3,295.316289
191.663301,7,295.5826
193.27071,6,295.832479
190.832684,8,296.14245
196.748857,3,296.281063
197.799527,2,296.371347
192.739678,6,296.604396
194.906771,4,296.788148
196.538008,3,296.921333
199.0,1,296.972977
196.666989,3,297.107028
199.0,1,297.166895
197.87265,2,297.266934
186.622858,10,297.634676
187.197012,10,298.003707
197.869675,2,298.102426
197.871607,2,298.204734
189.70843,9,298.579658
196.637183,3,298.723818
196.45698,3,298.85665
199.0,1,298.913879
195.534602,4,299.082438
199.0,1,299.140065
193.076915,6,299.39908
158.702175,30,300.454425
173.689178,20,301.14895
197.89081,2,301.2459
195.979249,3,301.373384
199.0,1,301.423456
197.807309,2,301.522522
193.898042,5,301.723091
199.0,1,301.781609
199.0,1,301.842137
199.0,1,301.916845
192.795161,5,302.113955
196.627576,3,302.267129
186.520648,11,302.679822
194.711483,4,302.837398
186.620759,11,303.260296
192.98645,6,303.50689
199.0,1,303.556014
199.0,1,303.614602
199.0,1,303.694695
197.762598,2,303.789657
199.0,1,303.856781
196.618003,3,304.000829
197.704764,2,304.100379
196.788816,3,304.222845
197.87592,2,304.318133
197.859057,2,304.417723
165.880664,25,305.282564
185.496721,11,305.682056
197.736607,2,305.782116
195.439419,4,305.937938
190.56597,7,306.227835
194.063844,5,306.429183
195.02657,4,306.601864
194.290648,5,306.803983
175.922315,18,307.468918
199.0,1,307.528115
186.324216,10,307.906383
199.0,1,307.961464
180.31336,15,308.511018
194.239681,5,308.718542
184.587351,13,309.201372
199.0,1,309.261702
197.859126,2,309.37427
195.552407,4,309.547669
199.0,1,309.614485
199.0,1,309.684458
193.01729,6,309.915866
188.437498,8,310.231982
197.602696,2,310.332291
189.076486,8,310.630467
167.137358,25,311.522351
194.383034,5,311.715299
191.944754,7,311.981082
195.832131,3,312.115839
189.472418,9,312.438746
190.638861,8,312.763842
182.940637,13,313.248018
199.0,1,313.313867
193.064601,6,313.570848
199.0,1,313.628373
171.341761,20,314.348862
193.364384,5,314.539984
130.853146,49,316.262479
196.582366,3,316.402314
197.889851,2,316.506189
195.440608,4,316.670752
197.681824,2,316.763631
199.0,1,316.831873
197.385897,2,316.93285
199.0,1,317.01516
195.541066,4,317.187979
197.881847,2,317.272787
192.576537,5,317.483871
197.854578,2,317.584325
195.466283,4,317.767051
196.601237,3,317.906734
199.0,1,317.982276
195.022368,3,318.113923
192.482294,6,318.351351
197.868282,2,318.442201
196.618223,3,318.575417
196.697347,3,318.711434
-53.634632,100,322.430951
199.0,1,322.499531
199.0,1,322.555135
194.010557,5,322.768998
197.878007,2,322.870955
199.0,1,322.951035
197.593055,2,323.048786
187.795238,8,323.349677
199.0,1,323.410438
189.189699,9,323.766229
199.0,1,323.824348
196.531024,3,323.964885
195.480214,4,324.12541
196.757554,3,324.254266
197.72791,2,324.344081
197.479463,2,324.447361
199.0,1,324.515768
199.0,1,324.582839
165.567218,24,325.475327
195.260386,3,325.615026
196.467649,3,325.749015
197.345428,2,325.857054
199.0,1,325.918689
139.344504,42,327.381757
195.186698,4,327.580407
174.169804,18,328.21608
174.588944,18,328.851023
199.0,1,328.914541
176.469799,15,329.454335
83.70601,65,331.739698
199.0,1,331.797786
187.286122,10,332.165202
199.0,1,332.232963
196.545397,3,332.364648
197.865551,2,332.465901
199.0,1,332.528549
179.052673,14,333.057246
194.143737,5,333.250484
190.365259,8,333.548039
-105.229064,100,337.061621
-92.380911,100,340.549797
199.0,1,340.614642
196.559334,3,340.746762
-174.475428,100,344.18407
193.983756,5,344.368774
-133.900602,100,347.864424
191.061414,5,348.064471
-163.246766,100,351.499486
197.849656,2,351.597907
199.0,1,351.665228
-185.843878,100,355.120657
193.282602,6,355.363533
195.420607,4,355.521129
197.767685,2,355.631008
197.208215,2,355.724534
197.875529,2,355.814521
190.222396,8,356.108643
195.597871,4,356.269589
196.72658,3,356.418836
199.0,1,356.472077
195.371322,4,356.656337
199.0,1,356.714334
-175.038383,100,360.21433
196.692558,3,360.338618
189.859303,8,360.659495
199.0,1,360.733273
189.221114,9,361.070956
-161.231173,100,364.630013
196.755279,3,364.76665
197.850366,2,364.867076
197.74057,2,364.961734
195.305438,4,365.140579
-176.058228,100,368.697771
195.307143,4,368.865121
-173.83341,100,372.329989
199.0,1,372.389401
84.961249,41,373.839398
188.146965,10,374.203111
199.0,1,374.254777
-188.802505,100,377.748456
199.0,1,377.80619
197.779274,2,377.915236
-180.375212,100,381.368616
-55.941152,99,384.961519
-174.423563,100,388.501312
196.626698,3,388.630019
188.514696,10,389.000419
199.0,1,389.06429
195.478424,4,389.221093
196.126957,3,389.370784
197.767684,2,389.46347
196.607963,3,389.599475
197.832178,2,389.689121
199.0,1,389.757638
-27.406808,88,392.864146
190.449835,8,393.189804
197.881147,2,393.296857
199.0,1,393.363705
197.600643,2,393.464718
199.0,1,393.524512
195.494372,4,393.698342
197.844171,2,393.798422
199.0,1,393.865456
